{
  "Total" : {
    "transaction" : "Total",
    "sampleCount" : 250,
    "errorCount" : 0,
    "errorPct" : 0.0,
    "meanResTime" : 8.404000000000002,
    "medianResTime" : 8.0,
    "minResTime" : 2.0,
    "maxResTime" : 29.0,
    "pct1ResTime" : 11.0,
    "pct2ResTime" : 12.449999999999989,
    "pct3ResTime" : 22.920000000000073,
    "throughput" : 25.638396061942366,
    "receivedKBytesPerSec" : 93.9406855707107,
    "sentKBytesPerSec" : 2.929387050046149
  },
  "HTTP Request" : {
    "transaction" : "HTTP Request",
    "sampleCount" : 250,
    "errorCount" : 0,
    "errorPct" : 0.0,
    "meanResTime" : 8.404000000000002,
    "medianResTime" : 8.0,
    "minResTime" : 2.0,
    "maxResTime" : 29.0,
    "pct1ResTime" : 11.0,
    "pct2ResTime" : 12.449999999999989,
    "pct3ResTime" : 22.920000000000073,
    "throughput" : 25.638396061942366,
    "receivedKBytesPerSec" : 93.9406855707107,
    "sentKBytesPerSec" : 2.929387050046149
  }
}